sample_id,step,sink_mass,recent_mass,cold_mass
comparison_01,0,0.5736424922943115,0.25423702597618103,0.17212051153182983
comparison_01,1,0.564838171005249,0.2500358521938324,0.18512597680091858
comparison_01,2,0.5550073385238647,0.259949654340744,0.1850430965423584
comparison_01,3,0.5770059823989868,0.2541884481906891,0.16880559921264648
